"159.138.152.120			        ", ecs-159-138-152-120.compute.hwclouds-dns.com, SGP,1
"54.83.5.6			        ", ec2-54-83-5-6.compute-1.amazonaws.com, USA,11
"45.133.183.45			        ", 45.133.183.45, USA,1
"115.207.99.173			        ", 115.207.99.173, CHN,1
"27.56.175.138			        ", abts-north-dynamic-138.175.56.27.airtelbroadband.in, IND,1
"185.210.217.248			        ", 185.210.217.248, ROM,1
"223.215.11.168			        ", 223.215.11.168, CHN,1
"2.187.83.144			        ", 2.187.83.144, IRN,1
"113.121.242.3			        ", 113.121.242.3, CHN,1
"112.135.3.178			        ", SLT-BB-CUST.slt.lk, LKA,1
"123.123.219.32			        ", 123.123.219.32, CHN,1
"91.250.6.108			        ", 91.250.6.108, UKR,2
"54.83.135.246			        ", ec2-54-83-135-246.compute-1.amazonaws.com, USA,11
"60.50.188.31			        ", 31.188.50.60.cbj01-home.tm.net.my, MYS,1
"45.56.126.28			        ", li944-28.members.linode.com, USA,1
"45.33.19.179			        ", li973-179.members.linode.com, USA,1
"45.79.22.169			        ", li1121-169.members.linode.com, USA,1
"45.79.5.73			        ", li1104-73.members.linode.com, USA,1
"88.71.19.106			        ", dslb-088-071-019-106.088.071.pools.vodafone-ip.de, DEU,5
"185.229.243.57			        ", 340109.customer.zol.co.zw, USA,1
"3.93.168.96			        ", ec2-3-93-168-96.compute-1.amazonaws.com, USA,11
"54.36.150.24			        ", ip-54-36-150-24.a.ahrefs.com, FRA,12
"159.138.128.161			        ", ecs-159-138-128-161.compute.hwclouds-dns.com, SGP,1
"123.123.219.31			        ", 123.123.219.31, CHN,1
"54.36.148.128			        ", ip-54-36-148-128.a.ahrefs.com, FRA,12
"54.36.148.128			        ", ip-54-36-148-128.a.ahrefs.com, FRA,12
"54.36.149.91			        ", ip-54-36-149-91.a.ahrefs.com, FRA,12
"159.138.158.209			        ", ecs-159-138-158-209.compute.hwclouds-dns.com, SGP,1
"194.34.133.195			        ", host-194-34-133-195.creanova.org, FIN,1
"51.75.56.40			        ", ip40.ip-51-75-56.eu, NLD,1
"123.123.219.56			        ", 123.123.219.56, CHN,1
"159.138.155.64			        ", ecs-159-138-155-64.compute.hwclouds-dns.com, SGP,1
"159.138.153.93			        ", ecs-159-138-153-93.compute.hwclouds-dns.com, SGP,1
"93.158.166.10			        ", 93-158-166-10.spider.yandex.com, RUS,11
"159.138.159.199			        ", ecs-159-138-159-199.compute.hwclouds-dns.com, SGP,1
"159.138.153.68			        ", ecs-159-138-153-68.compute.hwclouds-dns.com, SGP,1
"109.238.247.83			        ", dcmail.integrum.ru, RUS,1
"54.36.149.48			        ", ip-54-36-149-48.a.ahrefs.com, FRA,12
"45.133.88.11			        ", 45.133.88.11, USA,1
"54.36.150.77			        ", ip-54-36-150-77.a.ahrefs.com, FRA,12
"123.123.219.54			        ", 123.123.219.54, CHN,1
"40.74.124.217			        ", 40.74.124.217, JPN,2
"54.36.148.36			        ", ip-54-36-148-36.a.ahrefs.com, FRA,12
"159.138.150.107			        ", ecs-159-138-150-107.compute.hwclouds-dns.com, SGP,1
"54.36.149.46			        ", ip-54-36-149-46.a.ahrefs.com, FRA,12
"46.4.105.251			        ", pot48.webmeup.com, DEU,11
"159.138.155.67			        ", ecs-159-138-155-67.compute.hwclouds-dns.com, SGP,1
"54.36.150.80			        ", ip-54-36-150-80.a.ahrefs.com, FRA,12
"159.138.157.143			        ", ecs-159-138-157-143.compute.hwclouds-dns.com, SGP,1
"159.138.151.93			        ", ecs-159-138-151-93.compute.hwclouds-dns.com, SGP,1
"54.36.149.190			        ", ip-54-36-149-190.a.ahrefs.com, FRA,12
"144.76.23.40			        ", p5n7, DEU,11
"54.36.148.51			        ", ip-54-36-148-51.a.ahrefs.com, FRA,12
"144.76.23.44			        ", p5n11, DEU,11
"159.138.152.212			        ", ecs-159-138-152-212.compute.hwclouds-dns.com, SGP,1
"159.138.153.231			        ", ecs-159-138-153-231.compute.hwclouds-dns.com, SGP,1
"159.138.128.122			        ", ecs-159-138-128-122.compute.hwclouds-dns.com, SGP,1
"159.138.148.11			        ", ecs-159-138-148-11.compute.hwclouds-dns.com, SGP,1
"159.138.154.18			        ", ecs-159-138-154-18.compute.hwclouds-dns.com, SGP,1
"192.99.175.113			        ", sr091.sweetesttimes.com, CAN,11
"159.138.154.144			        ", ecs-159-138-154-144.compute.hwclouds-dns.com, SGP,1
"39.44.135.244			        ", 39.44.135.244, PAK,1
"159.138.152.240			        ", ecs-159-138-152-240.compute.hwclouds-dns.com, SGP,1
"159.138.155.205			        ", ecs-159-138-155-205.compute.hwclouds-dns.com, SGP,1
"178.214.255.199			        ", 178.214.255.199.dynamic.ufanet.ru, RUS,1
"183.147.217.183			        ", 183.147.217.183, CHN,1
"159.138.155.188			        ", ecs-159-138-155-188.compute.hwclouds-dns.com, SGP,1
"159.138.158.207			        ", ecs-159-138-158-207.compute.hwclouds-dns.com, SGP,1
"159.138.154.31			        ", ecs-159-138-154-31.compute.hwclouds-dns.com, SGP,1
"159.138.158.134			        ", ecs-159-138-158-134.compute.hwclouds-dns.com, SGP,1
"159.138.153.195			        ", ecs-159-138-153-195.compute.hwclouds-dns.com, SGP,1
"159.138.152.223			        ", ecs-159-138-152-223.compute.hwclouds-dns.com, SGP,1
"54.36.149.83			        ", ip-54-36-149-83.a.ahrefs.com, FRA,12
"54.36.150.19			        ", ip-54-36-150-19.a.ahrefs.com, FRA,12
"159.138.150.47			        ", ecs-159-138-150-47.compute.hwclouds-dns.com, SGP,1
"35.175.231.155			        ", ec2-35-175-231-155.compute-1.amazonaws.com, USA,11
"39.44.170.135			        ", 39.44.170.135, PAK,1
"54.36.150.92			        ", ip-54-36-150-92.a.ahrefs.com, FRA,12
"54.36.149.15			        ", ip-54-36-149-15.a.ahrefs.com, FRA,12
"123.123.219.39			        ", 123.123.219.39, CHN,1
"207.241.225.199			        ", iw601605.archive.org, USA,11
"159.138.149.102			        ", ecs-159-138-149-102.compute.hwclouds-dns.com, SGP,1
"159.138.159.236			        ", ecs-159-138-159-236.compute.hwclouds-dns.com, SGP,1
"159.138.154.81			        ", ecs-159-138-154-81.compute.hwclouds-dns.com, SGP,1
"159.138.159.158			        ", ecs-159-138-159-158.compute.hwclouds-dns.com, SGP,1
"159.138.154.84			        ", ecs-159-138-154-84.compute.hwclouds-dns.com, SGP,1
"159.138.156.213			        ", ecs-159-138-156-213.compute.hwclouds-dns.com, SGP,1
"159.138.128.223			        ", ecs-159-138-128-223.compute.hwclouds-dns.com, SGP,1
"159.138.148.107			        ", ecs-159-138-148-107.compute.hwclouds-dns.com, SGP,1
"54.36.150.64			        ", ip-54-36-150-64.a.ahrefs.com, FRA,12
"159.138.152.252			        ", ecs-159-138-152-252.compute.hwclouds-dns.com, SGP,1
"159.138.155.62			        ", ecs-159-138-155-62.compute.hwclouds-dns.com, SGP,1
"159.138.155.9			        ", ecs-159-138-155-9.compute.hwclouds-dns.com, SGP,1
"159.138.157.172			        ", ecs-159-138-157-172.compute.hwclouds-dns.com, SGP,1
"159.138.159.79			        ", ecs-159-138-159-79.compute.hwclouds-dns.com, SGP,1
"54.36.150.157			        ", ip-54-36-150-157.a.ahrefs.com, FRA,12
"159.138.149.214			        ", ecs-159-138-149-214.compute.hwclouds-dns.com, SGP,1
"159.138.152.232			        ", ecs-159-138-152-232.compute.hwclouds-dns.com, SGP,1
"54.36.150.56			        ", ip-54-36-150-56.a.ahrefs.com, FRA,12
"54.36.150.117			        ", ip-54-36-150-117.a.ahrefs.com, FRA,12
"54.36.148.104			        ", ip-54-36-148-104.a.ahrefs.com, FRA,12
"159.138.157.34			        ", ecs-159-138-157-34.compute.hwclouds-dns.com, SGP,1
"54.36.150.17			        ", ip-54-36-150-17.a.ahrefs.com, FRA,12
"159.138.152.171			        ", ecs-159-138-152-171.compute.hwclouds-dns.com, SGP,1
"159.138.155.14			        ", ecs-159-138-155-14.compute.hwclouds-dns.com, SGP,1
"54.36.150.13			        ", ip-54-36-150-13.a.ahrefs.com, FRA,12
"159.138.154.44			        ", ecs-159-138-154-44.compute.hwclouds-dns.com, SGP,1
"172.93.220.142			        ", 172.93.220.142, USA,19
"159.138.157.255			        ", ecs-159-138-157-255.compute.hwclouds-dns.com, SGP,1
"159.138.155.40			        ", ecs-159-138-155-40.compute.hwclouds-dns.com, SGP,1
"159.138.155.50			        ", ecs-159-138-155-50.compute.hwclouds-dns.com, SGP,1
"159.138.159.185			        ", ecs-159-138-159-185.compute.hwclouds-dns.com, SGP,1
"159.138.149.80			        ", ecs-159-138-149-80.compute.hwclouds-dns.com, SGP,1
"159.138.157.243			        ", ecs-159-138-157-243.compute.hwclouds-dns.com, SGP,1
"159.138.155.169			        ", ecs-159-138-155-169.compute.hwclouds-dns.com, SGP,1
"159.138.155.51			        ", ecs-159-138-155-51.compute.hwclouds-dns.com, SGP,1
"159.138.159.28			        ", ecs-159-138-159-28.compute.hwclouds-dns.com, SGP,1
"54.36.148.40			        ", ip-54-36-148-40.a.ahrefs.com, FRA,12
"159.138.156.118			        ", ecs-159-138-156-118.compute.hwclouds-dns.com, SGP,1
"54.36.150.85			        ", ip-54-36-150-85.a.ahrefs.com, FRA,12
"159.138.152.29			        ", ecs-159-138-152-29.compute.hwclouds-dns.com, SGP,1
"159.138.154.248			        ", ecs-159-138-154-248.compute.hwclouds-dns.com, SGP,1
"159.138.156.87			        ", ecs-159-138-156-87.compute.hwclouds-dns.com, SGP,1
"159.138.156.209			        ", ecs-159-138-156-209.compute.hwclouds-dns.com, SGP,1
"51.89.247.170			        ", ip170.ip-51-89-247.eu, GBR,1
"159.138.151.30			        ", ecs-159-138-151-30.compute.hwclouds-dns.com, SGP,1
"77.127.39.140			        ", 77.127.39.140, ISR,1
"54.36.150.10			        ", ip-54-36-150-10.a.ahrefs.com, FRA,12
"159.138.149.88			        ", ecs-159-138-149-88.compute.hwclouds-dns.com, SGP,1
"54.36.150.81			        ", ip-54-36-150-81.a.ahrefs.com, FRA,12
"54.36.150.182			        ", ip-54-36-150-182.a.ahrefs.com, FRA,12
"159.138.153.87			        ", ecs-159-138-153-87.compute.hwclouds-dns.com, SGP,1
"159.138.154.195			        ", ecs-159-138-154-195.compute.hwclouds-dns.com, SGP,1
"159.138.157.21			        ", ecs-159-138-157-21.compute.hwclouds-dns.com, SGP,1
"159.138.155.114			        ", ecs-159-138-155-114.compute.hwclouds-dns.com, SGP,1
"159.138.154.143			        ", ecs-159-138-154-143.compute.hwclouds-dns.com, SGP,1
"159.138.152.96			        ", ecs-159-138-152-96.compute.hwclouds-dns.com, SGP,1
"122.161.125.13			        ", abts-north-dynamic-013.125.161.122.airtelbroadband.in, IND,1
"159.138.128.99			        ", ecs-159-138-128-99.compute.hwclouds-dns.com, SGP,1
"159.138.128.43			        ", ecs-159-138-128-43.compute.hwclouds-dns.com, SGP,1
"159.138.156.45			        ", ecs-159-138-156-45.compute.hwclouds-dns.com, SGP,1
"54.36.150.119			        ", ip-54-36-150-119.a.ahrefs.com, FRA,12
"159.138.150.219			        ", ecs-159-138-150-219.compute.hwclouds-dns.com, SGP,1
"54.36.148.27			        ", ip-54-36-148-27.a.ahrefs.com, FRA,12
"94.25.174.206			        ", client.yota.ru, RUS,1
"159.138.155.110			        ", ecs-159-138-155-110.compute.hwclouds-dns.com, SGP,1
"37.137.2.247			        ", 37.137.2.247, IRN,1
"79.134.225.75			        ", 79.134.225.75, CHE,1
"54.36.150.136			        ", ip-54-36-150-136.a.ahrefs.com, FRA,12
"5.121.161.14			        ", 5.121.161.14, IRN,1
"89.163.146.71			        ", sa071.saturn.dedi.server-hosting.expert, DEU,11
"159.138.159.248			        ", ecs-159-138-159-248.compute.hwclouds-dns.com, SGP,1
"54.36.148.46			        ", ip-54-36-148-46.a.ahrefs.com, FRA,12
"159.138.152.103			        ", ecs-159-138-152-103.compute.hwclouds-dns.com, SGP,1
"54.36.150.11			        ", ip-54-36-150-11.a.ahrefs.com, FRA,12
"104.153.144.241			        ", 104.153.144.241, USA,1
"159.138.151.225			        ", ecs-159-138-151-225.compute.hwclouds-dns.com, SGP,1
"54.36.150.41			        ", ip-54-36-150-41.a.ahrefs.com, FRA,12
"159.138.157.220			        ", ecs-159-138-157-220.compute.hwclouds-dns.com, SGP,1
"159.138.157.193			        ", ecs-159-138-157-193.compute.hwclouds-dns.com, SGP,1
"159.138.159.65			        ", ecs-159-138-159-65.compute.hwclouds-dns.com, SGP,1
"159.138.159.80			        ", ecs-159-138-159-80.compute.hwclouds-dns.com, SGP,1
"159.138.152.35			        ", ecs-159-138-152-35.compute.hwclouds-dns.com, SGP,1
"159.138.149.155			        ", ecs-159-138-149-155.compute.hwclouds-dns.com, SGP,1
"159.138.159.90			        ", ecs-159-138-159-90.compute.hwclouds-dns.com, SGP,1
"54.36.148.19			        ", ip-54-36-148-19.a.ahrefs.com, FRA,12
"159.138.157.175			        ", ecs-159-138-157-175.compute.hwclouds-dns.com, SGP,1
"159.138.152.67			        ", ecs-159-138-152-67.compute.hwclouds-dns.com, SGP,1
"159.138.159.19			        ", ecs-159-138-159-19.compute.hwclouds-dns.com, SGP,1
"54.36.149.4			        ", ip-54-36-149-4.a.ahrefs.com, FRA,12
"54.36.148.57			        ", ip-54-36-148-57.a.ahrefs.com, FRA,12
"159.138.151.173			        ", ecs-159-138-151-173.compute.hwclouds-dns.com, SGP,1
"159.138.149.20			        ", ecs-159-138-149-20.compute.hwclouds-dns.com, SGP,1
"54.36.148.21			        ", ip-54-36-148-21.a.ahrefs.com, FRA,12
"159.138.157.37			        ", ecs-159-138-157-37.compute.hwclouds-dns.com, SGP,1
"159.138.156.122			        ", ecs-159-138-156-122.compute.hwclouds-dns.com, SGP,1
"54.36.148.254			        ", ip-54-36-148-254.a.ahrefs.com, FRA,12
"159.138.153.86			        ", ecs-159-138-153-86.compute.hwclouds-dns.com, SGP,1
"123.57.204.240			        ", 123.57.204.240, CHN,1
"54.36.150.47			        ", ip-54-36-150-47.a.ahrefs.com, FRA,12
"159.138.148.160			        ", ecs-159-138-148-160.compute.hwclouds-dns.com, SGP,1
"54.36.148.169			        ", ip-54-36-148-169.a.ahrefs.com, FRA,12
"122.234.232.251			        ", 122.234.232.251, CHN,1
"159.138.152.2			        ", ecs-159-138-152-2.compute.hwclouds-dns.com, SGP,1
"159.138.156.38			        ", ecs-159-138-156-38.compute.hwclouds-dns.com, SGP,1
"54.36.150.30			        ", ip-54-36-150-30.a.ahrefs.com, FRA,12
"159.138.128.235			        ", ecs-159-138-128-235.compute.hwclouds-dns.com, SGP,1
"159.138.150.138			        ", ecs-159-138-150-138.compute.hwclouds-dns.com, SGP,1
"159.138.148.110			        ", ecs-159-138-148-110.compute.hwclouds-dns.com, SGP,1
"159.138.153.95			        ", ecs-159-138-153-95.compute.hwclouds-dns.com, SGP,1
"54.36.150.114			        ", ip-54-36-150-114.a.ahrefs.com, FRA,12
"123.123.219.58			        ", 123.123.219.58, CHN,1
"159.138.154.36			        ", ecs-159-138-154-36.compute.hwclouds-dns.com, SGP,1
"159.138.157.247			        ", ecs-159-138-157-247.compute.hwclouds-dns.com, SGP,1
"84.17.60.142			        ", unn-84-17-60-142.cdn77.com, ITA,1
"159.138.156.230			        ", ecs-159-138-156-230.compute.hwclouds-dns.com, SGP,1
"121.224.33.23			        ", 23.33.224.121.broad.sz.js.dynamic.163data.com.cn, CHN,1
"113.66.253.133			        ", 113.66.253.133, CHN,2
"54.36.150.65			        ", ip-54-36-150-65.a.ahrefs.com, FRA,12
"54.36.148.0			        ", ip-54-36-148-0.a.ahrefs.com, FRA,12
"159.138.157.165			        ", ecs-159-138-157-165.compute.hwclouds-dns.com, SGP,1
"54.36.148.117			        ", ip-54-36-148-117.a.ahrefs.com, FRA,12
"54.36.150.171			        ", ip-54-36-150-171.a.ahrefs.com, FRA,12
"54.36.148.2			        ", ip-54-36-148-2.a.ahrefs.com, FRA,12
"85.208.96.71			        ", 85.208.96.71, USA,15
"54.36.149.107			        ", ip-54-36-149-107.a.ahrefs.com, FRA,12
"95.163.255.205			        ", fetcher17-7.go.mail.ru, RUS,11
"54.36.150.185			        ", ip-54-36-150-185.a.ahrefs.com, FRA,12
"95.163.255.221			        ", fetcher17-23.go.mail.ru, RUS,11
"95.163.255.243			        ", fetcher17-45.go.mail.ru, RUS,11
"95.163.255.229			        ", fetcher17-31.go.mail.ru, RUS,11
"54.36.150.177			        ", ip-54-36-150-177.a.ahrefs.com, FRA,12
"95.163.255.245			        ", fetcher17-47.go.mail.ru, RUS,11
"54.36.148.249			        ", ip-54-36-148-249.a.ahrefs.com, FRA,12
"54.36.148.194			        ", ip-54-36-148-194.a.ahrefs.com, FRA,12
"54.36.148.141			        ", ip-54-36-148-141.a.ahrefs.com, FRA,12
"54.36.149.64			        ", ip-54-36-149-64.a.ahrefs.com, FRA,12
"173.212.220.26			        ", server1.kenzly.net, DEU,11
"106.11.159.167			        ", shenmaspider-106-11-159-167.crawl.sm.cn, CHN,11
"145.14.137.13			        ", 145.14.137.13, DEU,1
"106.11.158.173			        ", shenmaspider-106-11-158-173.crawl.sm.cn, CHN,11
"103.75.182.229			        ", 103.75.182.229, VNM,1
"95.163.255.231			        ", fetcher17-33.go.mail.ru, RUS,11
"54.36.149.102			        ", ip-54-36-149-102.a.ahrefs.com, FRA,12
"54.36.149.13			        ", ip-54-36-149-13.a.ahrefs.com, FRA,12
"54.36.148.44			        ", ip-54-36-148-44.a.ahrefs.com, FRA,12
"54.36.149.22			        ", ip-54-36-149-22.a.ahrefs.com, FRA,12
"54.36.148.153			        ", ip-54-36-148-153.a.ahrefs.com, FRA,12
"42.6.43.38			        ", 42.6.43.38, CHN,1
"95.163.255.208			        ", fetcher17-10.go.mail.ru, RUS,11
"54.36.150.191			        ", ip-54-36-150-191.a.ahrefs.com, FRA,12
"60.169.199.170			        ", 60.169.199.170, CHN,1
"112.85.93.208			        ", 112.85.93.208, CHN,1
"54.36.150.33			        ", ip-54-36-150-33.a.ahrefs.com, FRA,12
"54.36.150.124			        ", ip-54-36-150-124.a.ahrefs.com, FRA,12
"95.163.255.213			        ", fetcher17-15.go.mail.ru, RUS,11
"54.36.149.73			        ", ip-54-36-149-73.a.ahrefs.com, FRA,12
"54.36.148.223			        ", ip-54-36-148-223.a.ahrefs.com, FRA,12
"54.36.150.166			        ", ip-54-36-150-166.a.ahrefs.com, FRA,12
"54.36.150.83			        ", ip-54-36-150-83.a.ahrefs.com, FRA,12
"54.36.149.49			        ", ip-54-36-149-49.a.ahrefs.com, FRA,12
"95.163.255.209			        ", fetcher17-11.go.mail.ru, RUS,11
"95.163.255.220			        ", fetcher17-22.go.mail.ru, RUS,11
"95.163.255.214			        ", fetcher17-16.go.mail.ru, RUS,11
"106.11.152.173			        ", shenmaspider-106-11-152-173.crawl.sm.cn, CHN,11
"183.150.17.204			        ", 183.150.17.204, CHN,1
"123.123.219.61			        ", 123.123.219.61, CHN,1
"148.64.56.75			        ", server75.hml.grapeshot.co.uk, GBR,11
"54.36.148.32			        ", ip-54-36-148-32.a.ahrefs.com, FRA,12
"148.64.56.122			        ", server122.hml.grapeshot.co.uk, GBR,11
"54.36.148.69			        ", ip-54-36-148-69.a.ahrefs.com, FRA,12
"106.11.158.198			        ", shenmaspider-106-11-158-198.crawl.sm.cn, CHN,11
"113.123.28.4			        ", 113.123.28.4, CHN,1
"95.163.255.237			        ", fetcher17-39.go.mail.ru, RUS,11
"95.163.255.216			        ", fetcher17-18.go.mail.ru, RUS,11
"95.163.255.203			        ", fetcher17-5.go.mail.ru, RUS,11
"148.64.56.119			        ", server119.hml.grapeshot.co.uk, GBR,11
"54.36.150.135			        ", ip-54-36-150-135.a.ahrefs.com, FRA,12
"106.11.159.214			        ", shenmaspider-106-11-159-214.crawl.sm.cn, CHN,11
"106.11.152.207			        ", shenmaspider-106-11-152-207.crawl.sm.cn, CHN,11
"148.64.56.77			        ", server77.hml.grapeshot.co.uk, GBR,11
"106.11.153.169			        ", shenmaspider-106-11-153-169.crawl.sm.cn, CHN,11
"106.11.155.189			        ", shenmaspider-106-11-155-189.crawl.sm.cn, CHN,11
"113.123.28.51			        ", 113.123.28.51, CHN,1
"95.163.255.240			        ", fetcher17-42.go.mail.ru, RUS,11
"80.77.39.124			        ", ratail.datagroup.ua, UKR,1
"95.163.255.204			        ", fetcher17-6.go.mail.ru, RUS,11
"148.64.56.68			        ", server68.hml.grapeshot.co.uk, GBR,11
"95.163.255.228			        ", fetcher17-30.go.mail.ru, RUS,11
"185.253.97.142			        ", 185.253.97.142, NOR,1
"54.36.149.94			        ", ip-54-36-149-94.a.ahrefs.com, FRA,12
"54.36.148.99			        ", ip-54-36-148-99.a.ahrefs.com, FRA,12
"54.36.150.8			        ", ip-54-36-150-8.a.ahrefs.com, FRA,12
"185.133.49.45			        ", 185.133.49.45, LTU,1
"148.64.56.67			        ", server67.hml.grapeshot.co.uk, GBR,11
"54.36.148.130			        ", ip-54-36-148-130.a.ahrefs.com, FRA,12
"54.36.150.43			        ", ip-54-36-150-43.a.ahrefs.com, FRA,12
"148.64.56.72			        ", server72.hml.grapeshot.co.uk, GBR,11
"95.163.255.226			        ", fetcher17-28.go.mail.ru, RUS,11
"95.163.255.246			        ", fetcher17-48.go.mail.ru, RUS,11
"95.163.255.202			        ", fetcher17-4.go.mail.ru, RUS,11
"148.64.56.78			        ", server78.hml.grapeshot.co.uk, GBR,11
"54.36.148.134			        ", ip-54-36-148-134.a.ahrefs.com, FRA,12
"36.88.45.0			        ", 36.88.45.0, IDN,1
"95.163.255.218			        ", fetcher17-20.go.mail.ru, RUS,11
"95.163.255.224			        ", fetcher17-26.go.mail.ru, RUS,11
"95.163.255.234			        ", fetcher17-36.go.mail.ru, RUS,11
"95.163.255.225			        ", fetcher17-27.go.mail.ru, RUS,11
"95.163.255.244			        ", fetcher17-46.go.mail.ru, RUS,11
"95.163.255.241			        ", fetcher17-43.go.mail.ru, RUS,11
"54.36.150.37			        ", ip-54-36-150-37.a.ahrefs.com, FRA,12
"95.163.255.236			        ", fetcher17-38.go.mail.ru, RUS,11
"95.163.255.201			        ", fetcher17-3.go.mail.ru, RUS,11
"95.163.255.223			        ", fetcher17-25.go.mail.ru, RUS,11
"77.124.39.234			        ", IGLD-77-124-39-234.inter.net.il, ISR,1
"94.25.171.55			        ", client.yota.ru, RUS,1
"95.163.255.217			        ", fetcher17-19.go.mail.ru, RUS,11
"54.36.150.168			        ", ip-54-36-150-168.a.ahrefs.com, FRA,12
"95.163.255.200			        ", fetcher17-2.go.mail.ru, RUS,11
"54.36.149.104			        ", ip-54-36-149-104.a.ahrefs.com, FRA,12
"218.73.130.46			        ", 46.130.73.218.broad.wz.zj.dynamic.163data.com.cn, CHN,1
"54.36.148.179			        ", ip-54-36-148-179.a.ahrefs.com, FRA,12
"54.36.150.54			        ", ip-54-36-150-54.a.ahrefs.com, FRA,12
"82.102.22.30			        ", 82.102.22.30, NOR,1
"54.36.150.75			        ", ip-54-36-150-75.a.ahrefs.com, FRA,12
"54.36.150.172			        ", ip-54-36-150-172.a.ahrefs.com, FRA,12
"95.163.255.207			        ", fetcher17-9.go.mail.ru, RUS,11
"112.135.9.10			        ", SLT-BB-CUST.slt.lk, LKA,1
"95.163.255.233			        ", fetcher17-35.go.mail.ru, RUS,11
"89.247.127.248			        ", i59F77FF8.versanet.de, DEU,1
"95.163.255.235			        ", fetcher17-37.go.mail.ru, RUS,11
"95.163.255.212			        ", fetcher17-14.go.mail.ru, RUS,11
"95.163.255.239			        ", fetcher17-41.go.mail.ru, RUS,11
"95.163.255.232			        ", fetcher17-34.go.mail.ru, RUS,11
"91.209.51.22			        ", nitrogen.it-tv.org, UKR,11
"54.36.148.80			        ", ip-54-36-148-80.a.ahrefs.com, FRA,12
"125.113.204.133			        ", 125.113.204.133, CHN,1
"95.163.255.215			        ", fetcher17-17.go.mail.ru, RUS,11
"114.239.146.67			        ", 114.239.146.67, CHN,1
"103.51.145.123			        ", smtphk.71.com, HKG,1
"52.53.82.178			        ", ec2-52-53-82-178.us-west-1.compute.amazonaws.com, USA,1
"121.239.160.38			        ", 121.239.160.38, CHN,1
"185.136.149.108			        ", 185.136.149.108, IRQ,2
"54.36.150.15			        ", ip-54-36-150-15.a.ahrefs.com, FRA,12
"54.36.150.130			        ", ip-54-36-150-130.a.ahrefs.com, FRA,12
"148.64.56.116			        ", server116.hml.grapeshot.co.uk, GBR,11
"95.163.255.222			        ", fetcher17-24.go.mail.ru, RUS,11
"54.36.148.242			        ", ip-54-36-148-242.a.ahrefs.com, FRA,12
"120.14.155.190			        ", 120.14.155.190, CHN,1
"54.36.150.148			        ", ip-54-36-150-148.a.ahrefs.com, FRA,12
"148.64.56.73			        ", server73.hml.grapeshot.co.uk, GBR,11
"54.36.148.70			        ", ip-54-36-148-70.a.ahrefs.com, FRA,12
"54.36.150.120			        ", ip-54-36-150-120.a.ahrefs.com, FRA,12
"123.123.219.57			        ", 123.123.219.57, CHN,1
"195.154.122.66			        ", ip-195-154-122-66.a.ahrefs.com, FRA,12
"185.108.128.65			        ", 185.108.128.65, IRL,1
"54.36.148.182			        ", ip-54-36-148-182.a.ahrefs.com, FRA,12
"54.36.148.250			        ", ip-54-36-148-250.a.ahrefs.com, FRA,12
"39.53.68.131			        ", 39.53.68.131, PAK,1
"54.36.148.68			        ", ip-54-36-148-68.a.ahrefs.com, FRA,12
"118.69.104.48			        ", 118.69.104.48, VNM,1
"65.52.33.91			        ", 65.52.33.91, USA,2
"5.188.211.13			        ", 5.188.211.13, RUS,1
"54.36.148.177			        ", ip-54-36-148-177.a.ahrefs.com, FRA,12
"54.36.148.132			        ", ip-54-36-148-132.a.ahrefs.com, FRA,12
"54.36.150.164			        ", ip-54-36-150-164.a.ahrefs.com, FRA,12
"45.119.82.124			        ", 45.119.82.124, VNM,1
"45.77.85.51			        ", 45.77.85.51.vultr.com, USA,1
"54.36.148.98			        ", ip-54-36-148-98.a.ahrefs.com, FRA,12
"54.36.149.72			        ", ip-54-36-149-72.a.ahrefs.com, FRA,12
"202.3.124.22			        ", nat-202-3-124-22.netapp.com, USA,1
"148.64.56.76			        ", server76.hml.grapeshot.co.uk, GBR,11
"180.252.124.210			        ", 180.252.124.210, IDN,1
"54.36.148.231			        ", ip-54-36-148-231.a.ahrefs.com, FRA,12
"85.208.96.65			        ", 85.208.96.65, USA,15
"54.36.149.74			        ", ip-54-36-149-74.a.ahrefs.com, FRA,12
"54.36.150.121			        ", ip-54-36-150-121.a.ahrefs.com, FRA,12
"54.36.150.118			        ", ip-54-36-150-118.a.ahrefs.com, FRA,12
"54.36.150.143			        ", ip-54-36-150-143.a.ahrefs.com, FRA,12
"54.36.150.188			        ", ip-54-36-150-188.a.ahrefs.com, FRA,12
"36.22.233.33			        ", 36.22.233.33, CHN,1
"122.161.105.89			        ", abts-north-dynamic-089.105.161.122.airtelbroadband.in, IND,1
"54.36.150.139			        ", ip-54-36-150-139.a.ahrefs.com, FRA,12
"123.123.219.36			        ", 123.123.219.36, CHN,1
"54.36.150.32			        ", ip-54-36-150-32.a.ahrefs.com, FRA,12
"125.122.170.16			        ", 125.122.170.16, CHN,1
"104.171.115.20			        ", 104.171.115.20, USA,1
"95.163.255.199			        ", fetcher17-1.go.mail.ru, RUS,11
"113.121.242.238			        ", 113.121.242.238, CHN,1
"54.36.148.4			        ", ip-54-36-148-4.a.ahrefs.com, FRA,12
"54.36.150.153			        ", ip-54-36-150-153.a.ahrefs.com, FRA,12
"183.150.7.182			        ", 183.150.7.182, CHN,1
"3.87.134.248			        ", ec2-3-87-134-248.compute-1.amazonaws.com, USA,11
"115.230.41.132			        ", 115.230.41.132, CHN,1
"54.36.149.28			        ", ip-54-36-149-28.a.ahrefs.com, FRA,12
"198.199.64.237			        ", 198.199.64.237, USA,1
"192.241.154.60			        ", 192.241.154.60, USA,1
"162.243.32.59			        ", 162.243.32.59, USA,1
"95.163.255.230			        ", fetcher17-32.go.mail.ru, RUS,11
"198.199.76.240			        ", 198.199.76.240, USA,1
"54.36.149.18			        ", ip-54-36-149-18.a.ahrefs.com, FRA,12
"183.150.165.97			        ", 183.150.165.97, CHN,1
"54.36.150.88			        ", ip-54-36-150-88.a.ahrefs.com, FRA,12
"60.184.83.46			        ", 60.184.83.46, CHN,1
"95.163.255.242			        ", fetcher17-44.go.mail.ru, RUS,11
"117.91.249.188			        ", 117.91.249.188, CHN,1
"148.64.56.69			        ", server69.hml.grapeshot.co.uk, GBR,11
"117.66.254.148			        ", 117.66.254.148, CHN,1
"92.255.195.226			        ", 92x255x195x226.static-customer.kzn.ertelecom.ru, RUS,1
"95.163.255.206			        ", fetcher17-8.go.mail.ru, RUS,11
"95.163.255.227			        ", fetcher17-29.go.mail.ru, RUS,11
"95.163.255.219			        ", fetcher17-21.go.mail.ru, RUS,11
"54.36.150.70			        ", ip-54-36-150-70.a.ahrefs.com, FRA,12
"109.236.81.167			        ", customer.hostbubble.net, NLD,1
"54.36.149.9			        ", ip-54-36-149-9.a.ahrefs.com, FRA,12
"54.36.150.145			        ", ip-54-36-150-145.a.ahrefs.com, FRA,12
"37.111.14.65			        ", 37.111.14.65, MMR,1
"3.80.22.37			        ", ec2-3-80-22-37.compute-1.amazonaws.com, USA,11
"95.163.255.210			        ", fetcher17-12.go.mail.ru, RUS,11
"17.58.101.49			        ", 17-58-101-49.applebot.apple.com, USA,11
"95.216.172.192			        ", static.192.172.216.95.clients.your-server.de, DEU,11
"182.77.26.162			        ", abts-del-dynamic-162.26.77.182.airtelbroadband.in, IND,1
"145.255.9.131			        ", 145.255.9.131.dynamic.ufanet.ru, RUS,1
"185.248.12.74			        ", 185.248.12.74, TUR,1
"39.53.129.4			        ", 39.53.129.4, PAK,1
"219.159.100.192			        ", 219.159.100.192, CHN,1
"49.89.129.112			        ", 49.89.129.112, CHN,1
"52.204.232.115			        ", ec2-52-204-232-115.compute-1.amazonaws.com, USA,11
"17.58.97.31			        ", 17-58-97-31.applebot.apple.com, USA,11
"112.135.11.124			        ", SLT-BB-CUST.slt.lk, LKA,1
"221.195.118.163			        ", 221.195.118.163, CHN,1
"58.243.84.209			        ", 58.243.84.209, CHN,1
"159.138.150.209			        ", ecs-159-138-150-209.compute.hwclouds-dns.com, SGP,1
"159.138.157.222			        ", ecs-159-138-157-222.compute.hwclouds-dns.com, SGP,1
"185.189.114.121			        ", 185.189.114.121, HUN,1
"5.188.211.35			        ", 5.188.211.35, RUS,1
"159.138.151.167			        ", ecs-159-138-151-167.compute.hwclouds-dns.com, SGP,1
"77.247.111.7			        ", 77.247.111.7, USA,1
"159.138.156.8			        ", ecs-159-138-156-8.compute.hwclouds-dns.com, SGP,1
"5.253.204.21			        ", 5.253.204.21, USA,1
"159.138.158.196			        ", ecs-159-138-158-196.compute.hwclouds-dns.com, SGP,1
"84.17.62.135			        ", unn-84-17-62-135.cdn77.com, ITA,1
"46.229.173.67			        ", siteaudit.crawler.semrush.com, USA,15
"159.138.156.106			        ", ecs-159-138-156-106.compute.hwclouds-dns.com, SGP,1
"159.138.158.195			        ", ecs-159-138-158-195.compute.hwclouds-dns.com, SGP,1
"159.138.148.39			        ", ecs-159-138-148-39.compute.hwclouds-dns.com, SGP,1
"159.138.157.97			        ", ecs-159-138-157-97.compute.hwclouds-dns.com, SGP,1
"159.138.153.203			        ", ecs-159-138-153-203.compute.hwclouds-dns.com, SGP,1
"159.138.150.10			        ", ecs-159-138-150-10.compute.hwclouds-dns.com, SGP,1
"159.138.156.120			        ", ecs-159-138-156-120.compute.hwclouds-dns.com, SGP,1
"159.138.152.177			        ", ecs-159-138-152-177.compute.hwclouds-dns.com, SGP,1
"159.138.158.78			        ", ecs-159-138-158-78.compute.hwclouds-dns.com, SGP,1
"159.138.158.201			        ", ecs-159-138-158-201.compute.hwclouds-dns.com, SGP,1
"159.138.149.203			        ", ecs-159-138-149-203.compute.hwclouds-dns.com, SGP,1
"185.11.204.34			        ", 185-11-204-34.as30909.net, GBR,1
"159.138.128.82			        ", ecs-159-138-128-82.compute.hwclouds-dns.com, SGP,1
"123.123.219.47			        ", 123.123.219.47, CHN,1
"159.138.152.97			        ", ecs-159-138-152-97.compute.hwclouds-dns.com, SGP,1
"159.138.151.97			        ", ecs-159-138-151-97.compute.hwclouds-dns.com, SGP,1
"159.138.157.88			        ", ecs-159-138-157-88.compute.hwclouds-dns.com, SGP,1
"159.138.128.195			        ", ecs-159-138-128-195.compute.hwclouds-dns.com, SGP,1
"95.163.255.238			        ", fetcher17-40.go.mail.ru, RUS,11
"159.138.157.32			        ", ecs-159-138-157-32.compute.hwclouds-dns.com, SGP,1
"159.138.158.47			        ", ecs-159-138-158-47.compute.hwclouds-dns.com, SGP,1
"159.138.151.83			        ", ecs-159-138-151-83.compute.hwclouds-dns.com, SGP,1
"159.138.151.7			        ", ecs-159-138-151-7.compute.hwclouds-dns.com, SGP,1
"159.138.150.185			        ", ecs-159-138-150-185.compute.hwclouds-dns.com, SGP,1
"159.138.155.43			        ", ecs-159-138-155-43.compute.hwclouds-dns.com, SGP,1
"159.138.152.141			        ", ecs-159-138-152-141.compute.hwclouds-dns.com, SGP,1
"159.138.157.251			        ", ecs-159-138-157-251.compute.hwclouds-dns.com, SGP,1
"159.138.152.198			        ", ecs-159-138-152-198.compute.hwclouds-dns.com, SGP,1
"159.138.152.168			        ", ecs-159-138-152-168.compute.hwclouds-dns.com, SGP,1
"159.138.156.43			        ", ecs-159-138-156-43.compute.hwclouds-dns.com, SGP,1
"159.138.148.227			        ", ecs-159-138-148-227.compute.hwclouds-dns.com, SGP,1
"159.138.149.157			        ", ecs-159-138-149-157.compute.hwclouds-dns.com, SGP,1
"159.138.151.105			        ", ecs-159-138-151-105.compute.hwclouds-dns.com, SGP,1
"159.138.159.153			        ", ecs-159-138-159-153.compute.hwclouds-dns.com, SGP,1
"159.138.157.15			        ", ecs-159-138-157-15.compute.hwclouds-dns.com, SGP,1
"159.138.156.228			        ", ecs-159-138-156-228.compute.hwclouds-dns.com, SGP,1
"159.138.153.39			        ", ecs-159-138-153-39.compute.hwclouds-dns.com, SGP,1
"159.138.152.203			        ", ecs-159-138-152-203.compute.hwclouds-dns.com, SGP,1
"159.138.128.177			        ", ecs-159-138-128-177.compute.hwclouds-dns.com, SGP,1
"159.138.156.67			        ", ecs-159-138-156-67.compute.hwclouds-dns.com, SGP,1
"159.138.155.225			        ", ecs-159-138-155-225.compute.hwclouds-dns.com, SGP,1
"159.138.159.203			        ", ecs-159-138-159-203.compute.hwclouds-dns.com, SGP,1
"159.138.154.56			        ", ecs-159-138-154-56.compute.hwclouds-dns.com, SGP,1
"159.138.151.38			        ", ecs-159-138-151-38.compute.hwclouds-dns.com, SGP,1
"159.138.128.80			        ", ecs-159-138-128-80.compute.hwclouds-dns.com, SGP,1
"159.138.153.175			        ", ecs-159-138-153-175.compute.hwclouds-dns.com, SGP,1
"159.138.148.71			        ", ecs-159-138-148-71.compute.hwclouds-dns.com, SGP,1
"159.138.151.16			        ", ecs-159-138-151-16.compute.hwclouds-dns.com, SGP,1
"159.138.153.152			        ", ecs-159-138-153-152.compute.hwclouds-dns.com, SGP,1
"159.138.151.171			        ", ecs-159-138-151-171.compute.hwclouds-dns.com, SGP,1
"159.138.128.216			        ", ecs-159-138-128-216.compute.hwclouds-dns.com, SGP,1
"159.138.159.49			        ", ecs-159-138-159-49.compute.hwclouds-dns.com, SGP,1
"159.138.159.85			        ", ecs-159-138-159-85.compute.hwclouds-dns.com, SGP,1
"159.138.158.117			        ", ecs-159-138-158-117.compute.hwclouds-dns.com, SGP,1
"159.138.157.229			        ", ecs-159-138-157-229.compute.hwclouds-dns.com, SGP,1
"159.138.153.94			        ", ecs-159-138-153-94.compute.hwclouds-dns.com, SGP,1
"159.138.149.125			        ", ecs-159-138-149-125.compute.hwclouds-dns.com, SGP,1
"159.138.153.74			        ", ecs-159-138-153-74.compute.hwclouds-dns.com, SGP,1
"159.138.159.43			        ", ecs-159-138-159-43.compute.hwclouds-dns.com, SGP,1
"159.138.154.55			        ", ecs-159-138-154-55.compute.hwclouds-dns.com, SGP,1
"159.138.155.98			        ", ecs-159-138-155-98.compute.hwclouds-dns.com, SGP,1
"159.138.158.211			        ", ecs-159-138-158-211.compute.hwclouds-dns.com, SGP,1
"159.138.158.203			        ", ecs-159-138-158-203.compute.hwclouds-dns.com, SGP,1
"159.138.159.36			        ", ecs-159-138-159-36.compute.hwclouds-dns.com, SGP,1
"159.138.153.107			        ", ecs-159-138-153-107.compute.hwclouds-dns.com, SGP,1
"159.138.159.157			        ", ecs-159-138-159-157.compute.hwclouds-dns.com, SGP,1
"159.138.151.45			        ", ecs-159-138-151-45.compute.hwclouds-dns.com, SGP,1
"194.74.0.67			        ", 194.74.0.67, GBR,17
"159.138.149.145			        ", ecs-159-138-149-145.compute.hwclouds-dns.com, SGP,1
"159.138.151.46			        ", ecs-159-138-151-46.compute.hwclouds-dns.com, SGP,1
"159.138.148.237			        ", ecs-159-138-148-237.compute.hwclouds-dns.com, SGP,1
"115.230.74.40			        ", 115.230.74.40, CHN,1
"159.138.152.14			        ", ecs-159-138-152-14.compute.hwclouds-dns.com, SGP,1
"159.138.128.76			        ", ecs-159-138-128-76.compute.hwclouds-dns.com, SGP,1
"159.138.157.95			        ", ecs-159-138-157-95.compute.hwclouds-dns.com, SGP,1
"159.138.156.4			        ", ecs-159-138-156-4.compute.hwclouds-dns.com, SGP,1
"173.63.217.134			        ", pool-173-63-217-134.nwrknj.fios.verizon.net, USA,19
"159.138.156.255			        ", ecs-159-138-156-255.compute.hwclouds-dns.com, SGP,1
"159.138.155.116			        ", ecs-159-138-155-116.compute.hwclouds-dns.com, SGP,1
"159.138.156.181			        ", ecs-159-138-156-181.compute.hwclouds-dns.com, SGP,1
"59.49.31.50			        ", 59.49.31.50, CHN,1
"125.105.105.98			        ", 125.105.105.98, CHN,1
"142.4.24.189			        ", server.vycama.com, USA,1
"159.138.150.167			        ", ecs-159-138-150-167.compute.hwclouds-dns.com, SGP,1
"159.138.156.243			        ", ecs-159-138-156-243.compute.hwclouds-dns.com, SGP,1
"159.138.157.190			        ", ecs-159-138-157-190.compute.hwclouds-dns.com, SGP,1
"159.138.159.107			        ", ecs-159-138-159-107.compute.hwclouds-dns.com, SGP,1
"159.138.149.228			        ", ecs-159-138-149-228.compute.hwclouds-dns.com, SGP,1
"159.138.128.110			        ", ecs-159-138-128-110.compute.hwclouds-dns.com, SGP,1
"159.138.128.61			        ", ecs-159-138-128-61.compute.hwclouds-dns.com, SGP,1
"159.138.157.82			        ", ecs-159-138-157-82.compute.hwclouds-dns.com, SGP,1
"159.138.148.173			        ", ecs-159-138-148-173.compute.hwclouds-dns.com, SGP,1
"159.138.152.153			        ", ecs-159-138-152-153.compute.hwclouds-dns.com, SGP,1
"159.138.148.17			        ", ecs-159-138-148-17.compute.hwclouds-dns.com, SGP,1
"159.138.152.124			        ", ecs-159-138-152-124.compute.hwclouds-dns.com, SGP,1
"159.138.150.114			        ", ecs-159-138-150-114.compute.hwclouds-dns.com, SGP,1
"85.208.96.4			        ", bot.semrush.com, USA,15
"159.138.156.174			        ", ecs-159-138-156-174.compute.hwclouds-dns.com, SGP,1
"159.138.148.170			        ", ecs-159-138-148-170.compute.hwclouds-dns.com, SGP,1
"159.138.153.96			        ", ecs-159-138-153-96.compute.hwclouds-dns.com, SGP,1
"148.64.56.123			        ", server123.hml.grapeshot.co.uk, GBR,11
"159.138.152.112			        ", ecs-159-138-152-112.compute.hwclouds-dns.com, SGP,1
"159.138.150.32			        ", ecs-159-138-150-32.compute.hwclouds-dns.com, SGP,1
"5.188.211.16			        ", 5.188.211.16, RUS,1
"119.92.8.47			        ", 119.92.8.47.static.pldt.net, PHL,1
"159.138.159.127			        ", ecs-159-138-159-127.compute.hwclouds-dns.com, SGP,1
"159.138.153.56			        ", ecs-159-138-153-56.compute.hwclouds-dns.com, SGP,1
"159.138.156.152			        ", ecs-159-138-156-152.compute.hwclouds-dns.com, SGP,1
"159.138.158.159			        ", ecs-159-138-158-159.compute.hwclouds-dns.com, SGP,1
"159.138.151.23			        ", ecs-159-138-151-23.compute.hwclouds-dns.com, SGP,1
"123.201.94.125			        ", 125-94-201-123.static.youbroadband.in, IND,1
"159.138.156.188			        ", ecs-159-138-156-188.compute.hwclouds-dns.com, SGP,1
"123.123.219.41			        ", 123.123.219.41, CHN,1
"159.138.153.12			        ", ecs-159-138-153-12.compute.hwclouds-dns.com, SGP,1
"159.138.128.132			        ", ecs-159-138-128-132.compute.hwclouds-dns.com, SGP,1
"159.138.128.130			        ", ecs-159-138-128-130.compute.hwclouds-dns.com, SGP,1
"3.95.37.22			        ", ec2-3-95-37-22.compute-1.amazonaws.com, USA,1
"52.162.161.148			        ", 52.162.161.148, USA,17
"148.64.56.79			        ", server79.hml.grapeshot.co.uk, GBR,11
"159.138.159.137			        ", ecs-159-138-159-137.compute.hwclouds-dns.com, SGP,1
"159.138.158.111			        ", ecs-159-138-158-111.compute.hwclouds-dns.com, SGP,1
"159.138.148.171			        ", ecs-159-138-148-171.compute.hwclouds-dns.com, SGP,1
"148.64.56.120			        ", server120.hml.grapeshot.co.uk, GBR,11
"148.64.56.65			        ", server65.hml.grapeshot.co.uk, GBR,11
"84.17.49.126			        ", unn-84-17-49-126.cdn77.com, ITA,1
"123.123.219.60			        ", 123.123.219.60, CHN,1
"5.188.211.21			        ", 5.188.211.21, RUS,1
"148.64.56.114			        ", server114.hml.grapeshot.co.uk, GBR,11
"148.64.56.118			        ", server118.hml.grapeshot.co.uk, GBR,11
"103.42.57.185			        ", 57-185.ip.vnptcorp.com, VNM,1
"148.64.56.64			        ", server64.hml.grapeshot.co.uk, GBR,11
"103.119.55.8			        ", host-103-119-55-8.myrepublic.co.id, IDN,1
"148.64.56.66			        ", server66.hml.grapeshot.co.uk, GBR,11
"188.166.147.169			        ", 188.166.147.169, NLD,1
"151.80.39.78			        ", aurum008.a.ahrefs.com, IRL,12
"113.121.241.24			        ", 113.121.241.24, CHN,1
"117.68.73.136			        ", 117.68.73.136, CHN,1
"196.246.72.38			        ", 196.246.72.38, ZAF,1
"165.16.183.56			        ", 165.16.183.56, ZAF,19
"123.123.219.38			        ", 123.123.219.38, CHN,1
"194.127.178.108			        ", 194.127.178.108, DEU,1
"113.121.242.135			        ", 113.121.242.135, CHN,1
"123.163.130.194			        ", 123.163.130.194, CHN,1
"112.135.8.210			        ", SLT-BB-CUST.slt.lk, LKA,1
"5.196.87.102			        ", aurum130.a.ahrefs.com, FRA,12
"180.246.151.5			        ", 180.246.151.5, IDN,1
"123.123.219.68			        ", 123.123.219.68, CHN,1
"123.126.113.88			        ", sogouspider-123-126-113-88.crawl.sogou.com, CHN,11
"3.87.77.25			        ", ec2-3-87-77-25.compute-1.amazonaws.com, USA,11
"5.188.211.15			        ", 5.188.211.15, RUS,1
"45.139.49.18			        ", 45.139.49.18, USA,1
"164.68.119.249			        ", vmi292662.contaboserver.net, USA,11
"5.188.211.24			        ", 5.188.211.24, RUS,1
"195.154.122.186			        ", ip-195-154-122-186.a.ahrefs.com, FRA,12
"94.130.237.98			        ", pot52.webmeup.com, DEU,11
"5.188.211.22			        ", 5.188.211.22, RUS,1
"148.64.56.125			        ", server125.hml.grapeshot.co.uk, GBR,11
"36.79.254.16			        ", 36.79.254.16, IDN,1
"5.188.211.14			        ", 5.188.211.14, RUS,1
"34.229.181.38			        ", ec2-34-229-181-38.compute-1.amazonaws.com, USA,1
"151.80.39.76			        ", aurum010.a.ahrefs.com, IRL,12
"60.187.120.11			        ", 11.120.187.60.broad.sx.zj.dynamic.163data.com.cn, CHN,1
"183.150.164.90			        ", 183.150.164.90, CHN,1
"148.64.56.127			        ", server127.hml.grapeshot.co.uk, GBR,11
"5.188.211.10			        ", 5.188.211.10, RUS,1
"159.138.154.172			        ", ecs-159-138-154-172.compute.hwclouds-dns.com, SGP,1
"176.9.4.111			        ", ninja-crawler2.webmeup.com, DEU,11
"148.64.56.70			        ", server70.hml.grapeshot.co.uk, GBR,11
"123.123.219.71			        ", 123.123.219.71, CHN,1
"117.95.214.219			        ", 219.214.95.117.broad.sq.js.dynamic.163data.com.cn, CHN,1
"5.188.211.26			        ", 5.188.211.26, RUS,1
"36.85.232.46			        ", 36.85.232.46, IDN,1
"63.141.231.10			        ", 63.141.231.10, USA,11
"115.207.6.237			        ", 115.207.6.237, CHN,1
"94.25.175.71			        ", client.yota.ru, RUS,1
"54.227.117.173			        ", ec2-54-227-117-173.compute-1.amazonaws.com, USA,11
"123.123.219.59			        ", 123.123.219.59, CHN,1
"123.123.219.53			        ", 123.123.219.53, CHN,1
"193.106.68.228			        ", nat.gold-telecom.com, RUS,2
"49.89.132.248			        ", 49.89.132.248, CHN,1
"196.246.79.55			        ", 196.246.79.55, ZAF,1
"123.123.219.46			        ", 123.123.219.46, CHN,1
"77.125.128.116			        ", 77.125.128.116, ISR,1
"52.23.245.150			        ", ec2-52-23-245-150.compute-1.amazonaws.com, USA,11
"94.182.190.94			        ", 94-182-190-94.shatel.ir, IRN,1
"159.138.154.174			        ", ecs-159-138-154-174.compute.hwclouds-dns.com, SGP,1
"123.123.219.43			        ", 123.123.219.43, CHN,1
"54.242.224.246			        ", ec2-54-242-224-246.compute-1.amazonaws.com, USA,11
"122.236.125.226			        ", 122.236.125.226, CHN,1
"151.80.39.209			        ", aurum048.a.ahrefs.com, IRL,12
"5.31.181.87			        ", 5.31.181.87, ARE,11
"123.123.219.42			        ", 123.123.219.42, CHN,1
"5.31.232.87			        ", 5.31.232.87, ARE,2
"173.212.224.157			        ", vmi224822.contaboserver.net, DEU,11
"46.246.65.195			        ", 46.246.65.195, SWE,1
"46.4.72.213			        ", static.213.72.4.46.clients.your-server.de, DEU,11
"79.184.197.101			        ", 79.184.197.101.ipv4.supernova.orange.pl, POL,1
"185.90.57.174			        ", 185.90.57.174, PRT,1
"123.123.219.35			        ", 123.123.219.35, CHN,1
"195.154.123.46			        ", ip-195-154-123-46.a.ahrefs.com, FRA,12
"46.229.168.161			        ", crawl31.bl.semrush.com, USA,15
"223.215.96.190			        ", 223.215.96.190, CHN,1
"46.229.168.139			        ", crawl11.bl.semrush.com, USA,15
"192.243.56.76			        ", 192.243.56.76, USA,15
"192.243.53.51			        ", 192.243.53.51, USA,15
"37.72.175.236			        ", 236.175.72.37.static.swiftway.net, POL,11
"151.80.39.206			        ", aurum028.a.ahrefs.com, IRL,12
"113.120.37.111			        ", 113.120.37.111, CHN,1
"64.225.20.228			        ", 64.225.20.228, CAN,1
"64.62.243.164			        ", 64.62.243.164, USA,1
"183.150.31.252			        ", 183.150.31.252, CHN,1
"159.138.149.168			        ", ecs-159-138-149-168.compute.hwclouds-dns.com, SGP,1
"85.191.199.228			        ", 85.191.199.228, DNK,1
"45.9.237.16			        ", 45.9.237.16.deltahost-ptr, USA,1
"38.117.105.187			        ", 38-117-105-187.static-ip.ravand.ca, CAN,11
"84.38.135.171			        ", ip-135-171.dataclub.info, NLD,11
"223.223.141.144			        ", ns0.wishnet.in, IND,1
"109.248.149.30			        ", 109.248.149.30, CZE,1
"103.63.158.254			        ", 103.63.158.254, BGD,1
"85.208.96.69			        ", 85.208.96.69, USA,15
"142.93.151.44			        ", 142.93.151.44, USA,1
"159.138.149.26			        ", ecs-159-138-149-26.compute.hwclouds-dns.com, SGP,1
"151.80.39.95			        ", aurum068.a.ahrefs.com, IRL,12
"125.89.88.178			        ", 125.89.88.178, CHN,1
"197.237.38.89			        ", 197.237.38.89.wananchi.com, KEN,3
"159.138.154.80			        ", ecs-159-138-154-80.compute.hwclouds-dns.com, SGP,1
"83.138.202.176			        ", 83.138.202.176.dyn.user.ono.com, ESP,1
"123.123.219.44			        ", 123.123.219.44, CHN,1
"159.138.149.220			        ", ecs-159-138-149-220.compute.hwclouds-dns.com, SGP,1
"159.138.159.249			        ", ecs-159-138-159-249.compute.hwclouds-dns.com, SGP,1
"159.138.150.82			        ", ecs-159-138-150-82.compute.hwclouds-dns.com, SGP,1
"159.138.157.110			        ", ecs-159-138-157-110.compute.hwclouds-dns.com, SGP,1
"159.138.155.55			        ", ecs-159-138-155-55.compute.hwclouds-dns.com, SGP,1
"159.138.128.172			        ", ecs-159-138-128-172.compute.hwclouds-dns.com, SGP,1
"159.138.154.214			        ", ecs-159-138-154-214.compute.hwclouds-dns.com, SGP,1
"159.138.151.1			        ", ecs-159-138-151-1.compute.hwclouds-dns.com, SGP,1
"159.138.154.139			        ", ecs-159-138-154-139.compute.hwclouds-dns.com, SGP,1
"5.171.229.75			        ", 5.171.229.75, ITA,1
"159.138.158.17			        ", ecs-159-138-158-17.compute.hwclouds-dns.com, SGP,1
"159.138.158.105			        ", ecs-159-138-158-105.compute.hwclouds-dns.com, SGP,1
"159.138.154.237			        ", ecs-159-138-154-237.compute.hwclouds-dns.com, SGP,1
"159.138.154.23			        ", ecs-159-138-154-23.compute.hwclouds-dns.com, SGP,1
"159.138.158.150			        ", ecs-159-138-158-150.compute.hwclouds-dns.com, SGP,1
"159.138.153.85			        ", ecs-159-138-153-85.compute.hwclouds-dns.com, SGP,1
"159.138.148.43			        ", ecs-159-138-148-43.compute.hwclouds-dns.com, SGP,1
"159.138.151.202			        ", ecs-159-138-151-202.compute.hwclouds-dns.com, SGP,1
"159.138.150.56			        ", ecs-159-138-150-56.compute.hwclouds-dns.com, SGP,1
"159.138.151.244			        ", ecs-159-138-151-244.compute.hwclouds-dns.com, SGP,1
"159.138.151.81			        ", ecs-159-138-151-81.compute.hwclouds-dns.com, SGP,1
"159.138.156.179			        ", ecs-159-138-156-179.compute.hwclouds-dns.com, SGP,1
"159.138.128.230			        ", ecs-159-138-128-230.compute.hwclouds-dns.com, SGP,1
"159.138.155.99			        ", ecs-159-138-155-99.compute.hwclouds-dns.com, SGP,1
"159.138.128.186			        ", ecs-159-138-128-186.compute.hwclouds-dns.com, SGP,1
"196.196.203.132			        ", 196.196.203.132, SYC,1
"159.138.149.94			        ", ecs-159-138-149-94.compute.hwclouds-dns.com, SGP,1
"159.138.158.28			        ", ecs-159-138-158-28.compute.hwclouds-dns.com, SGP,1
"106.11.156.7			        ", shenmaspider-106-11-156-7.crawl.sm.cn, CHN,11
"106.11.153.26			        ", shenmaspider-106-11-153-26.crawl.sm.cn, CHN,11
"79.101.147.89			        ", 79-101-147-89.dynamic.isp.telekom.rs, SRB,1
"64.62.243.163			        ", 64.62.243.163, USA,1
"84.72.104.186			        ", 84-72-104-186.dclient.hispeed.ch, CHE,1
"115.73.208.10			        ", 115.73.208.10, VNM,1
"106.11.157.18			        ", shenmaspider-106-11-157-18.crawl.sm.cn, CHN,11
"192.227.127.17			        ", 192.227.127.17, USA,1
"94.25.174.180			        ", client.yota.ru, RUS,1
"46.229.173.66			        ", siteaudit.crawler.semrush.com, USA,15
"46.229.173.68			        ", siteaudit.crawler.semrush.com, USA,15
"159.138.155.206			        ", ecs-159-138-155-206.compute.hwclouds-dns.com, SGP,1
"195.154.122.175			        ", ip-195-154-122-175.a.ahrefs.com, FRA,12
"196.246.64.212			        ", 196.246.64.212, ZAF,1
"196.196.203.100			        ", 196.196.203.100, SYC,1
"159.138.158.54			        ", ecs-159-138-158-54.compute.hwclouds-dns.com, SGP,1
"159.138.153.206			        ", ecs-159-138-153-206.compute.hwclouds-dns.com, SGP,1
"159.138.157.148			        ", ecs-159-138-157-148.compute.hwclouds-dns.com, SGP,1
"159.138.156.221			        ", ecs-159-138-156-221.compute.hwclouds-dns.com, SGP,1
"159.138.159.133			        ", ecs-159-138-159-133.compute.hwclouds-dns.com, SGP,1
"159.138.156.28			        ", ecs-159-138-156-28.compute.hwclouds-dns.com, SGP,1
"159.138.154.96			        ", ecs-159-138-154-96.compute.hwclouds-dns.com, SGP,1
"159.138.148.157			        ", ecs-159-138-148-157.compute.hwclouds-dns.com, SGP,1
"159.138.153.45			        ", ecs-159-138-153-45.compute.hwclouds-dns.com, SGP,1
"159.138.157.41			        ", ecs-159-138-157-41.compute.hwclouds-dns.com, SGP,1
"159.138.152.143			        ", ecs-159-138-152-143.compute.hwclouds-dns.com, SGP,1
"159.138.153.239			        ", ecs-159-138-153-239.compute.hwclouds-dns.com, SGP,1
"159.138.128.129			        ", ecs-159-138-128-129.compute.hwclouds-dns.com, SGP,1
"159.138.128.70			        ", ecs-159-138-128-70.compute.hwclouds-dns.com, SGP,1
"159.138.158.137			        ", ecs-159-138-158-137.compute.hwclouds-dns.com, SGP,1
"159.138.148.16			        ", ecs-159-138-148-16.compute.hwclouds-dns.com, SGP,1
"159.138.155.239			        ", ecs-159-138-155-239.compute.hwclouds-dns.com, SGP,1
"159.138.150.105			        ", ecs-159-138-150-105.compute.hwclouds-dns.com, SGP,1
"159.138.128.14			        ", ecs-159-138-128-14.compute.hwclouds-dns.com, SGP,1
"159.138.150.195			        ", ecs-159-138-150-195.compute.hwclouds-dns.com, SGP,1
"159.138.159.70			        ", ecs-159-138-159-70.compute.hwclouds-dns.com, SGP,1
"159.138.151.214			        ", ecs-159-138-151-214.compute.hwclouds-dns.com, SGP,1
"159.138.149.136			        ", ecs-159-138-149-136.compute.hwclouds-dns.com, SGP,1
"159.138.148.102			        ", ecs-159-138-148-102.compute.hwclouds-dns.com, SGP,1
"159.138.152.251			        ", ecs-159-138-152-251.compute.hwclouds-dns.com, SGP,1
"159.138.155.154			        ", ecs-159-138-155-154.compute.hwclouds-dns.com, SGP,1
"159.138.155.3			        ", ecs-159-138-155-3.compute.hwclouds-dns.com, SGP,1
"159.138.159.163			        ", ecs-159-138-159-163.compute.hwclouds-dns.com, SGP,1
"37.156.58.209			        ", 37.156.58.209, IRN,1
"159.138.151.163			        ", ecs-159-138-151-163.compute.hwclouds-dns.com, SGP,1
"216.244.66.228			        ", 216.244.66.228, USA,11
"46.229.168.131			        ", crawl3.bl.semrush.com, USA,15
"159.138.152.146			        ", ecs-159-138-152-146.compute.hwclouds-dns.com, SGP,1
"46.229.168.152			        ", crawl24.bl.semrush.com, USA,15
"5.188.84.61			        ", 5.188.84.61, RUS,1
"159.138.154.243			        ", ecs-159-138-154-243.compute.hwclouds-dns.com, SGP,1
"159.138.156.217			        ", ecs-159-138-156-217.compute.hwclouds-dns.com, SGP,1
"159.138.152.17			        ", ecs-159-138-152-17.compute.hwclouds-dns.com, SGP,1
"46.229.168.135			        ", crawl7.bl.semrush.com, USA,15
"159.138.155.27			        ", ecs-159-138-155-27.compute.hwclouds-dns.com, SGP,1
"159.138.151.159			        ", ecs-159-138-151-159.compute.hwclouds-dns.com, SGP,1
"159.138.155.222			        ", ecs-159-138-155-222.compute.hwclouds-dns.com, SGP,1
"159.138.157.149			        ", ecs-159-138-157-149.compute.hwclouds-dns.com, SGP,1
"159.138.159.166			        ", ecs-159-138-159-166.compute.hwclouds-dns.com, SGP,1
"159.138.151.253			        ", ecs-159-138-151-253.compute.hwclouds-dns.com, SGP,1
"159.138.150.187			        ", ecs-159-138-150-187.compute.hwclouds-dns.com, SGP,1
"46.229.168.151			        ", crawl23.bl.semrush.com, USA,15
"111.202.100.116			        ", sogouspider-111-202-100-116.crawl.sogou.com, CHN,11
"159.138.151.184			        ", ecs-159-138-151-184.compute.hwclouds-dns.com, SGP,1
"159.138.151.32			        ", ecs-159-138-151-32.compute.hwclouds-dns.com, SGP,1
"159.138.159.118			        ", ecs-159-138-159-118.compute.hwclouds-dns.com, SGP,1
"159.138.158.53			        ", ecs-159-138-158-53.compute.hwclouds-dns.com, SGP,1
"159.138.158.56			        ", ecs-159-138-158-56.compute.hwclouds-dns.com, SGP,1
"159.138.155.91			        ", ecs-159-138-155-91.compute.hwclouds-dns.com, SGP,1
"159.138.128.154			        ", ecs-159-138-128-154.compute.hwclouds-dns.com, SGP,1
"183.147.213.116			        ", 183.147.213.116, CHN,1
"159.138.155.254			        ", ecs-159-138-155-254.compute.hwclouds-dns.com, SGP,1
"159.138.153.147			        ", ecs-159-138-153-147.compute.hwclouds-dns.com, SGP,1
"121.239.183.112			        ", 121.239.183.112, CHN,1
"159.138.159.179			        ", ecs-159-138-159-179.compute.hwclouds-dns.com, SGP,1
"159.138.156.16			        ", ecs-159-138-156-16.compute.hwclouds-dns.com, SGP,1
"159.138.148.215			        ", ecs-159-138-148-215.compute.hwclouds-dns.com, SGP,1
"185.253.97.245			        ", 185.253.97.245, NOR,1
"123.126.113.135			        ", sogouspider-123-126-113-135.crawl.sogou.com, CHN,11
"159.138.156.84			        ", ecs-159-138-156-84.compute.hwclouds-dns.com, SGP,1
"46.229.168.130			        ", crawl2.bl.semrush.com, USA,15
"85.206.165.19			        ", 85-206-165-19.bacloud.info, LTU,1
"45.132.136.21			        ", 45.132.136.21, USA,1
"46.229.168.137			        ", crawl9.bl.semrush.com, USA,15
"123.123.219.55			        ", 123.123.219.55, CHN,1
"113.66.252.102			        ", 113.66.252.102, CHN,2
"199.168.136.157			        ", 199.168.136.157.16clouds.com, USA,2
"34.201.164.6			        ", ec2-34-201-164-6.compute-1.amazonaws.com, USA,11
"46.229.168.138			        ", crawl10.bl.semrush.com, USA,15
"46.229.168.144			        ", crawl16.bl.semrush.com, USA,15
"89.190.158.252			        ", finish-lax.lonenew.com, USA,2
"159.138.148.226			        ", ecs-159-138-148-226.compute.hwclouds-dns.com, SGP,1
"159.138.155.255			        ", ecs-159-138-155-255.compute.hwclouds-dns.com, SGP,1
"159.138.158.83			        ", ecs-159-138-158-83.compute.hwclouds-dns.com, SGP,1
"46.229.168.146			        ", crawl18.bl.semrush.com, USA,15
"159.138.153.113			        ", ecs-159-138-153-113.compute.hwclouds-dns.com, SGP,1
"159.138.149.180			        ", ecs-159-138-149-180.compute.hwclouds-dns.com, SGP,1
"45.139.48.7			        ", 45.139.48.7, USA,1
"159.138.154.30			        ", ecs-159-138-154-30.compute.hwclouds-dns.com, SGP,1
"159.138.148.90			        ", ecs-159-138-148-90.compute.hwclouds-dns.com, SGP,1
"159.138.152.175			        ", ecs-159-138-152-175.compute.hwclouds-dns.com, SGP,1
"159.138.151.234			        ", ecs-159-138-151-234.compute.hwclouds-dns.com, SGP,1
"159.138.155.148			        ", ecs-159-138-155-148.compute.hwclouds-dns.com, SGP,1
"173.249.18.133			        ", vmi154372.contaboserver.net, DEU,1
"159.138.152.49			        ", ecs-159-138-152-49.compute.hwclouds-dns.com, SGP,1
"159.138.157.103			        ", ecs-159-138-157-103.compute.hwclouds-dns.com, SGP,1
"159.138.154.146			        ", ecs-159-138-154-146.compute.hwclouds-dns.com, SGP,1
"159.138.152.224			        ", ecs-159-138-152-224.compute.hwclouds-dns.com, SGP,1
"47.88.46.21			        ", 47.88.46.21, USA,1
"159.138.156.190			        ", ecs-159-138-156-190.compute.hwclouds-dns.com, SGP,1
"159.138.159.235			        ", ecs-159-138-159-235.compute.hwclouds-dns.com, SGP,1
"159.138.158.252			        ", ecs-159-138-158-252.compute.hwclouds-dns.com, SGP,1
"159.138.155.200			        ", ecs-159-138-155-200.compute.hwclouds-dns.com, SGP,1
"159.138.153.131			        ", ecs-159-138-153-131.compute.hwclouds-dns.com, SGP,1
"159.138.148.194			        ", ecs-159-138-148-194.compute.hwclouds-dns.com, SGP,1
"185.230.127.86			        ", 185.230.127.86, DEU,1
"159.138.152.154			        ", ecs-159-138-152-154.compute.hwclouds-dns.com, SGP,1
"46.229.168.145			        ", crawl17.bl.semrush.com, USA,15
"159.138.157.17			        ", ecs-159-138-157-17.compute.hwclouds-dns.com, SGP,1
"115.195.170.203			        ", 115.195.170.203, CHN,1
"222.64.220.93			        ", 93.220.64.222.broad.xw.sh.dynamic.163data.com.cn, CHN,1
"66.160.140.188			        ", 66.160.140.188, USA,1
"107.150.62.162			        ", 107.150.62.162, USA,1
"116.237.131.105			        ", 116.237.131.105, CHN,1
"216.244.66.203			        ", 216.244.66.203, USA,11
"106.212.189.44			        ", 106.212.189.44, IND,1
"93.158.166.146			        ", 93-158-166-146.spider.yandex.com, RUS,11
"199.187.211.197			        ", 197.211.187.199.wiredns.net, USA,2
"123.123.219.34			        ", 123.123.219.34, CHN,1
"159.138.155.8			        ", ecs-159-138-155-8.compute.hwclouds-dns.com, SGP,1
"199.187.211.198			        ", mammoth.dns8.net, USA,2
"159.138.156.77			        ", ecs-159-138-156-77.compute.hwclouds-dns.com, SGP,1
"122.51.154.89			        ", 122.51.154.89, CHN,1
"154.120.79.97			        ", 154.120.79.97, NGA,1
"205.134.171.79			       ", websquash.com, USA,12
"203.104.154.141			       ", crawl.203-104-154-141.web.naver.com, JPN,11
"203.104.154.135			       ", crawl.203-104-154-135.web.naver.com, JPN,11
"203.104.154.142			       ", crawl.203-104-154-142.web.naver.com, JPN,11
"203.104.154.144			       ", crawl.203-104-154-144.web.naver.com, JPN,11
"159.138.149.131			       ", ecs-159-138-149-131.compute.hwclouds-dns.com, SGP,1
"203.104.154.136			       ", crawl.203-104-154-136.web.naver.com, JPN,11
"203.104.154.139			       ", crawl.203-104-154-139.web.naver.com, JPN,11
"159.138.155.65			       ", ecs-159-138-155-65.compute.hwclouds-dns.com, SGP,1
"159.138.156.23			       ", ecs-159-138-156-23.compute.hwclouds-dns.com, SGP,1
"203.104.154.137			       ", crawl.203-104-154-137.web.naver.com, JPN,11
"159.138.159.237			       ", ecs-159-138-159-237.compute.hwclouds-dns.com, SGP,1
"159.138.128.227			       ", ecs-159-138-128-227.compute.hwclouds-dns.com, SGP,1
"159.138.151.190			       ", ecs-159-138-151-190.compute.hwclouds-dns.com, SGP,1
"203.104.154.143			       ", crawl.203-104-154-143.web.naver.com, JPN,11
"159.138.149.171			       ", ecs-159-138-149-171.compute.hwclouds-dns.com, SGP,1
"203.104.154.140			       ", crawl.203-104-154-140.web.naver.com, JPN,11
"159.138.148.232			       ", ecs-159-138-148-232.compute.hwclouds-dns.com, SGP,1
"159.138.153.164			       ", ecs-159-138-153-164.compute.hwclouds-dns.com, SGP,1
"199.187.211.199			       ", solo.dns8.net, USA,2
"159.138.150.248			       ", ecs-159-138-150-248.compute.hwclouds-dns.com, SGP,1
"159.138.155.167			       ", ecs-159-138-155-167.compute.hwclouds-dns.com, SGP,1
"115.151.100.80			       ", 115.151.100.80, CHN,1
"180.125.254.143			       ", 180.125.254.143, CHN,1
"159.138.153.211			       ", ecs-159-138-153-211.compute.hwclouds-dns.com, SGP,1
"159.138.156.242			       ", ecs-159-138-156-242.compute.hwclouds-dns.com, SGP,1
"159.138.158.239			       ", ecs-159-138-158-239.compute.hwclouds-dns.com, SGP,1
"159.138.159.105			       ", ecs-159-138-159-105.compute.hwclouds-dns.com, SGP,1
"203.104.154.138			       ", crawl.203-104-154-138.web.naver.com, JPN,11
"159.138.159.161			       ", ecs-159-138-159-161.compute.hwclouds-dns.com, SGP,1
"159.138.148.224			       ", ecs-159-138-148-224.compute.hwclouds-dns.com, SGP,1
"159.138.158.233			       ", ecs-159-138-158-233.compute.hwclouds-dns.com, SGP,1
"159.138.154.57			       ", ecs-159-138-154-57.compute.hwclouds-dns.com, SGP,1
"159.138.148.135			       ", ecs-159-138-148-135.compute.hwclouds-dns.com, SGP,1
"159.138.149.127			       ", ecs-159-138-149-127.compute.hwclouds-dns.com, SGP,1
"159.138.151.42			       ", ecs-159-138-151-42.compute.hwclouds-dns.com, SGP,1
"159.138.128.54			       ", ecs-159-138-128-54.compute.hwclouds-dns.com, SGP,1
"159.138.155.131			       ", ecs-159-138-155-131.compute.hwclouds-dns.com, SGP,1
"108.60.212.188			       ", 108.60.212.188, USA,1
"195.154.122.181			       ", ip-195-154-122-181.a.ahrefs.com, FRA,12
"110.86.19.26			       ", 110.86.19.26, CHN,1
"159.138.151.118			       ", ecs-159-138-151-118.compute.hwclouds-dns.com, SGP,1
"163.172.30.236			       ", 163-172-30-236.rev.poneytelecom.eu, FRA,1
"46.229.168.134			       ", crawl6.bl.semrush.com, USA,15
"169.56.100.99			       ", 63.64.38a9.ip4.static.sl-reverse.com, USA,1
"46.229.168.150			       ", crawl22.bl.semrush.com, USA,15
"107.161.93.178			       ", 107.161.93.178.static.greencloudvps.com, USA,1
"195.154.123.18			       ", ip-195-154-123-18.a.ahrefs.com, FRA,12
"45.12.110.5			       ", 45.12.110.5, USA,11
"54.36.150.122			       ", ip-54-36-150-122.a.ahrefs.com, FRA,12
"5.196.87.138			       ", aurum128.a.ahrefs.com, FRA,12
"123.52.78.241			       ", 123.52.78.241, CHN,1
"113.65.23.151			       ", 113.65.23.151, CHN,2
"199.168.140.125			       ", 199.168.140.125.16clouds.com, USA,2
"46.229.168.132			       ", crawl4.bl.semrush.com, USA,15
"159.138.158.87			       ", ecs-159-138-158-87.compute.hwclouds-dns.com, SGP,1
"159.138.148.70			       ", ecs-159-138-148-70.compute.hwclouds-dns.com, SGP,1
"159.138.156.195			       ", ecs-159-138-156-195.compute.hwclouds-dns.com, SGP,1
"141.8.143.149			       ", 141-8-143-149.spider.yandex.com, USA,11
"159.138.157.246			       ", ecs-159-138-157-246.compute.hwclouds-dns.com, SGP,1
"159.138.159.110			       ", ecs-159-138-159-110.compute.hwclouds-dns.com, SGP,1
"159.138.128.78			       ", ecs-159-138-128-78.compute.hwclouds-dns.com, SGP,1
"159.138.152.53			       ", ecs-159-138-152-53.compute.hwclouds-dns.com, SGP,1
"159.138.154.5			       ", ecs-159-138-154-5.compute.hwclouds-dns.com, SGP,1
"103.119.130.194			       ", 103.119.130.194, USA,1
"159.138.152.228			       ", ecs-159-138-152-228.compute.hwclouds-dns.com, SGP,1
"199.187.211.196			       ", 196.211.187.199.wiredns.net, USA,2
"159.138.156.158			       ", ecs-159-138-156-158.compute.hwclouds-dns.com, SGP,1
"159.138.154.206			       ", ecs-159-138-154-206.compute.hwclouds-dns.com, SGP,1
"159.138.156.57			       ", ecs-159-138-156-57.compute.hwclouds-dns.com, SGP,1
"159.138.151.39			       ", ecs-159-138-151-39.compute.hwclouds-dns.com, SGP,1
"159.138.155.81			       ", ecs-159-138-155-81.compute.hwclouds-dns.com, SGP,1
"159.138.159.176			       ", ecs-159-138-159-176.compute.hwclouds-dns.com, SGP,1
"159.138.150.160			       ", ecs-159-138-150-160.compute.hwclouds-dns.com, SGP,1
"5.235.35.215			       ", 5.235.35.215, IRN,1
"159.138.150.202			       ", ecs-159-138-150-202.compute.hwclouds-dns.com, SGP,1
"95.216.172.191			       ", static.191.172.216.95.clients.your-server.de, FIN,11
"115.207.81.74			       ", 115.207.81.74, CHN,1
"207.241.229.69			       ", iw802606.archive.org, USA,11
"85.208.96.66			       ", 85.208.96.66, USA,15
"122.176.100.204			       ", abts-north-static-204.100.176.122.airtelbroadband.in, IND,1
"184.75.211.107			       ", 184.75.211.107, CAN,11
"159.138.155.78			       ", ecs-159-138-155-78.compute.hwclouds-dns.com, SGP,1
"159.138.154.222			       ", ecs-159-138-154-222.compute.hwclouds-dns.com, SGP,1
"159.138.158.24			       ", ecs-159-138-158-24.compute.hwclouds-dns.com, SGP,1
"41.59.81.209			       ", 41.59.81.209, TZA,1
"159.138.159.57			       ", ecs-159-138-159-57.compute.hwclouds-dns.com, SGP,1
"159.138.155.241			       ", ecs-159-138-155-241.compute.hwclouds-dns.com, SGP,1
"159.138.154.232			       ", ecs-159-138-154-232.compute.hwclouds-dns.com, SGP,1
"159.138.155.115			       ", ecs-159-138-155-115.compute.hwclouds-dns.com, SGP,1
"144.76.28.10			       ", static.10.28.76.144.clients.your-server.de, DEU,1
"145.255.2.253			       ", 145.255.2.253.static.ufanet.ru, RUS,1
"159.138.156.3			       ", ecs-159-138-156-3.compute.hwclouds-dns.com, SGP,1
"159.138.148.6			       ", ecs-159-138-148-6.compute.hwclouds-dns.com, SGP,1
"207.180.219.122			       ", vmi237239.contaboserver.net, USA,11
"159.138.156.173			       ", ecs-159-138-156-173.compute.hwclouds-dns.com, SGP,1
"159.138.155.83			       ", ecs-159-138-155-83.compute.hwclouds-dns.com, SGP,1
"159.138.151.152			       ", ecs-159-138-151-152.compute.hwclouds-dns.com, SGP,1
"159.138.157.226			       ", ecs-159-138-157-226.compute.hwclouds-dns.com, SGP,1
"159.138.151.80			       ", ecs-159-138-151-80.compute.hwclouds-dns.com, SGP,1
"159.138.158.7			       ", ecs-159-138-158-7.compute.hwclouds-dns.com, SGP,1
"159.138.154.194			       ", ecs-159-138-154-194.compute.hwclouds-dns.com, SGP,1
"159.138.156.136			       ", ecs-159-138-156-136.compute.hwclouds-dns.com, SGP,1
"159.138.128.189			       ", ecs-159-138-128-189.compute.hwclouds-dns.com, SGP,1
"159.138.128.121			       ", ecs-159-138-128-121.compute.hwclouds-dns.com, SGP,1
"159.138.149.173			       ", ecs-159-138-149-173.compute.hwclouds-dns.com, SGP,1
"159.138.152.89			       ", ecs-159-138-152-89.compute.hwclouds-dns.com, SGP,1
"159.138.151.2			       ", ecs-159-138-151-2.compute.hwclouds-dns.com, SGP,1
"159.138.148.123			       ", ecs-159-138-148-123.compute.hwclouds-dns.com, SGP,1
"54.38.146.40			       ", ip40.ip-54-38-146.eu, FRA,11
"159.138.159.247			       ", ecs-159-138-159-247.compute.hwclouds-dns.com, SGP,1
"85.208.96.16			       ", bot.semrush.com, USA,15
"159.138.157.20			       ", ecs-159-138-157-20.compute.hwclouds-dns.com, SGP,1
"159.138.159.225			       ", ecs-159-138-159-225.compute.hwclouds-dns.com, SGP,1
"159.138.157.107			       ", ecs-159-138-157-107.compute.hwclouds-dns.com, SGP,1
"159.138.153.234			       ", ecs-159-138-153-234.compute.hwclouds-dns.com, SGP,1
"159.138.156.33			       ", ecs-159-138-156-33.compute.hwclouds-dns.com, SGP,1
"159.138.150.183			       ", ecs-159-138-150-183.compute.hwclouds-dns.com, SGP,1
"159.138.156.162			       ", ecs-159-138-156-162.compute.hwclouds-dns.com, SGP,1
"159.138.157.239			       ", ecs-159-138-157-239.compute.hwclouds-dns.com, SGP,1
"159.138.154.151			       ", ecs-159-138-154-151.compute.hwclouds-dns.com, SGP,1
"204.12.197.234			       ", modenewly.com, USA,11
"159.138.153.91			       ", ecs-159-138-153-91.compute.hwclouds-dns.com, SGP,1
"159.138.153.240			       ", ecs-159-138-153-240.compute.hwclouds-dns.com, SGP,1
"159.138.155.39			       ", ecs-159-138-155-39.compute.hwclouds-dns.com, SGP,1
"141.8.143.166			       ", 141-8-143-166.spider.yandex.com, USA,11
"159.138.151.247			       ", ecs-159-138-151-247.compute.hwclouds-dns.com, SGP,1
"159.138.128.237			       ", ecs-159-138-128-237.compute.hwclouds-dns.com, SGP,1
"159.138.159.112			       ", ecs-159-138-159-112.compute.hwclouds-dns.com, SGP,1
"64.62.252.174			       ", 64.62.252.174, USA,1
"159.138.155.248			       ", ecs-159-138-155-248.compute.hwclouds-dns.com, SGP,1
"159.138.155.101			       ", ecs-159-138-155-101.compute.hwclouds-dns.com, SGP,1
"159.138.154.187			       ", ecs-159-138-154-187.compute.hwclouds-dns.com, SGP,1
"159.138.152.149			       ", ecs-159-138-152-149.compute.hwclouds-dns.com, SGP,1
"159.138.155.172			       ", ecs-159-138-155-172.compute.hwclouds-dns.com, SGP,1
"141.8.143.146			       ", 141-8-143-146.spider.yandex.com, USA,11
"159.138.157.202			       ", ecs-159-138-157-202.compute.hwclouds-dns.com, SGP,1
"213.174.147.83			       ", 213.174.147.83, USA,15
"192.99.37.138			       ", ns501548.ip-192-99-37.net, CAN,11
"141.8.188.141			       ", 141-8-188-141.spider.yandex.com, RUS,11
"195.154.123.24			     ", ip-195-154-123-24.a.ahrefs.com, FRA,12
"112.135.14.159			     ", SLT-BB-CUST.slt.lk, LKA,1
"13.66.139.0			     ", msnbot-13-66-139-0.search.msn.com, USA,17
"148.64.56.112			     ", server112.hml.grapeshot.co.uk, GBR,11
"23.254.202.9			     ", cvps13237292346.hostwindsdns.com, USA,1
"94.182.190.86			     ", 94-182-190-86.shatel.ir, IRN,1
"107.6.156.2			     ", node008.adplexity.com, USA,1
"79.184.16.106			     ", 79.184.16.106.ipv4.supernova.orange.pl, POL,1
"84.87.144.30			     ", ip5457901e.direct-adsl.nl, NLD,11
"199.187.211.184			     ", 184.211.187.199.wiredns.net, USA,2
"46.229.168.154			     ", crawl26.bl.semrush.com, USA,15
"141.8.143.170			     ", 141-8-143-170.spider.yandex.com, USA,11
"51.68.122.74			     ", 74.ip-51-68-122.eu, GBR,1
"52.23.204.195			     ", ec2-52-23-204-195.compute-1.amazonaws.com, USA,11
"141.8.189.76			     ", 141-8-189-76.spider.yandex.com, RUS,11
"46.229.168.163			     ", crawl33.bl.semrush.com, USA,15
"163.172.108.230			     ", 163-172-108-230.rev.poneytelecom.eu, FRA,1
"199.187.211.181			     ", backup2.aktenterprises.com, USA,2
"62.210.80.58			     ", 62.210.80.58, FRA,1
"182.253.14.9			     ", 182.253.14.9, IDN,1
"159.69.72.230			     ", static.230.72.69.159.clients.your-server.de, USA,1
"199.187.211.180			     ", 180.211.187.199.wiredns.net, USA,2
"196.246.66.5			     ", 196.246.66.5, ZAF,1
"103.88.233.5			     ", 103.88.233.5, BGD,1
"192.187.125.250			     ", 192.187.125.250, USA,1
"199.187.211.185			     ", 185.211.187.199.wiredns.net, USA,2
"195.154.123.140			     ", ip-195-154-123-140.a.ahrefs.com, FRA,12
"148.64.56.71			     ", server71.hml.grapeshot.co.uk, GBR,11
"46.229.168.142			     ", crawl14.bl.semrush.com, USA,15
"173.208.186.51			     ", togusa.truthsolo.net, USA,1
"54.36.150.175			     ", ip-54-36-150-175.a.ahrefs.com, FRA,12
"167.114.64.100			     ", ns508292.ip-167-114-64.net, CAN,1
"171.246.137.203			     ", dynamic-ip-adsl.viettel.vn, VNM,1
"62.210.111.58			     ", sender9p1.offresduweb.fr, FRA,1
"122.236.112.121			     ", 122.236.112.121, CHN,1
"45.133.91.17			     ", 45.133.91.17, USA,1
"164.68.96.84			     ", vmi275557.contaboserver.net, USA,1
"13.57.217.89			     ", ec2-13-57-217-89.us-west-1.compute.amazonaws.com, USA,1
"120.72.95.90			     ", 120.72.95.90, IND,2
"89.187.178.153			     ", unn-89-187-178-153.cdn77.com, USA,1
"185.51.228.242			     ", 185.51.228.242, GBR,1
"36.22.235.123			     ", 36.22.235.123, CHN,1
"212.129.32.52			     ", fbz-node1-p.skyeris.net, FRA,1
"41.58.118.129			     ", 41.58.118.129, NGA,1
"85.208.96.67			     ", 85.208.96.67, USA,15
"18.139.228.131			     ", ec2-18-139-228-131.ap-southeast-1.compute.amazonaws.com, SGP,1
"196.246.78.185			     ", 196.246.78.185, ZAF,1
"148.64.56.126			     ", server126.hml.grapeshot.co.uk, GBR,11
"3.95.179.184			     ", ec2-3-95-179-184.compute-1.amazonaws.com, USA,11
"159.138.152.7			     ", ecs-159-138-152-7.compute.hwclouds-dns.com, SGP,1
"123.123.219.45			     ", 123.123.219.45, CHN,1
"195.154.122.255			     ", ip-195-154-122-255.a.ahrefs.com, FRA,12
"35.195.69.244			     ", 244.69.195.35.bc.googleusercontent.com, USA,1
"36.62.210.157			     ", 36.62.210.157, CHN,1
"5.189.185.125			     ", 5.189.185.125, DEU,1
"46.140.101.194			     ", bcserver10.zh01.braincube.ch, CHE,1
"192.115.211.54			     ", mercury.isoc.org.il, ISR,1
"167.114.44.146			     ", 167.114.44.146, CAN,1
"46.229.168.149			         ", crawl21.bl.semrush.com, USA,15
"195.201.138.238			         ", static.238.138.201.195.clients.your-server.de, DEU,1
"141.8.188.196			         ", 141-8-188-196.spider.yandex.com, RUS,11
"141.8.188.201			         ", 141-8-188-201.spider.yandex.com, RUS,11
"73.200.232.127			         ", c-73-200-232-127.hsd1.dc.comcast.net, USA,1
"188.165.200.217			         ", ns309394.ip-188-165-200.eu, ESP,1
"141.8.188.178			         ", 141-8-188-178.spider.yandex.com, RUS,11
"141.8.188.143			         ", 141-8-188-143.spider.yandex.com, RUS,11
"46.229.168.136			         ", crawl8.bl.semrush.com, USA,15
"141.8.188.145			         ", 141-8-188-145.spider.yandex.com, RUS,11
"93.158.166.139			         ", 93-158-166-139.spider.yandex.com, RUS,11
"46.229.168.153			         ", crawl25.bl.semrush.com, USA,15
"46.229.168.148			         ", crawl20.bl.semrush.com, USA,15
"46.229.168.140			         ", crawl12.bl.semrush.com, USA,15
"23.100.232.233			         ", 23.100.232.233, USA,1
"109.102.111.64			         ", 109.102.111.64, ROM,1
"5.196.87.172			         ", orbit1.a.ahrefs.com, FRA,12
"185.127.26.7			         ", 210899.example.com, RUS,1
"46.229.168.147			         ", crawl19.bl.semrush.com, USA,15
"46.229.168.143			         ", crawl15.bl.semrush.com, USA,15
"85.208.96.18			         ", bot.semrush.com, USA,15
"85.208.96.15			         ", bot.semrush.com, USA,15
"85.208.96.17			         ", bot.semrush.com, USA,15
"46.229.168.162			         ", crawl32.bl.semrush.com, USA,15
"46.229.168.133			         ", crawl5.bl.semrush.com, USA,15
"223.247.170.136			         ", 223.247.170.136, CHN,1
"37.212.33.48			         ", mm-48-33-212-37.vitebsk.dynamic.pppoe.byfly.by, BLR,1
"46.229.168.141			         ", crawl13.bl.semrush.com, USA,15
"46.229.168.129			         ", crawl1.bl.semrush.com, USA,15
"41.80.145.255			         ", 41.80.145.255, KEN,3
"195.154.122.250			         ", ip-195-154-122-250.a.ahrefs.com, FRA,12
"37.137.15.29			         ", 37.137.15.29, IRN,1
"216.244.66.195			         ", 216.244.66.195, USA,11
"121.209.80.182			         ", cpe-121-209-80-182.lpui-cr-101.cht.nsw.bigpond.net.au, AUS,1
"46.229.161.131			         ", mx.semrush.com, USA,15
"31.207.45.203			         ", 31.207.45.203, NLD,1
"180.117.101.230			         ", 180.117.101.230, CHN,1
"148.64.56.117			         ", server117.hml.grapeshot.co.uk, GBR,11
"81.101.99.22			         ", cpc80671-stap13-2-0-cust277.12-2.cable.virginm.net, GBR,2
"40.121.76.66			         ", 40.121.76.66, USA,18
"65.54.224.69			         ", 65.54.224.69, USA,18
"87.100.99.170			         ", 170.99.100.87.rev.sfr.net, FRA,1
"103.90.229.124			         ", 103.90.229.124, VNM,1
"2607:fea8:91c0:40a:8149:cf50:cf3:3838			        ", 2607:fea8:91c0:40a:8149:cf50:cf3:3838, CAN,1
"2001:8f8:1425:77ec:3850:3e8f:b004:9ce7			        ", 2001:8f8:1425:77ec:3850:3e8f:b004:9ce7, ARE,1
"2607:fea8:91c0:40a:8c10:feb9:7f9d:1044			        ", 2607:fea8:91c0:40a:8c10:feb9:7f9d:1044, CAN,1
"2607:fea8:91c0:40a:8c9e:28d7:766b:cb35			        ", 2607:fea8:91c0:40a:8c9e:28d7:766b:cb35, CAN,1
"2001:1c06:8c2:e300:61af:5b25:6137:e9a			        ", 2001-1c06-08c2-e300-61af-5b25-6137-0e9a.cable.dynamic.v6.ziggo.nl, NLD,1
"2607:fea8:91c0:40a:4cf2:a83c:6721:83a1			       ", 2607:fea8:91c0:40a:4cf2:a83c:6721:83a1, CAN,1
"2001:1c06:8c2:e300:101d:4ce3:886a:bdcd			     ", 2001-1c06-08c2-e300-101d-4ce3-886a-bdcd.cable.dynamic.v6.ziggo.nl, NLD,1
"240e:3a0:1803:e079:d42d:7582:2179:e39e			         ", 240e:3a0:1803:e079:d42d:7582:2179:e39e, CHN,1
